{
  "timestamp": "2026-07-02 10:28:16",
  "extraction_accuracy_pct": 56.00000000000001,
  "total_extracted_fields": 25,
  "avg_latency_ms": 220.6506550006452,
  "p95_latency_ms": 281.41660000255797,
  "concurrency_speedup": 15.632629341844263,
  "rag_groundedness_pct": 94.8,
  "rag_context_precision_pct": 91.2,
  "hallucination_rate_pct": 1.2
}